-- phpMyAdmin SQL Dump
-- version 4.9.2
-- https://www.phpmyadmin.net/
--
-- Host: 127.0.0.1
-- Generation Time: Jun 13, 2020 at 09:59 PM
-- Server version: 10.4.10-MariaDB
-- PHP Version: 7.3.12

SET SQL_MODE = "NO_AUTO_VALUE_ON_ZERO";
SET AUTOCOMMIT = 0;
START TRANSACTION;
SET time_zone = "+00:00";


/*!40101 SET @OLD_CHARACTER_SET_CLIENT=@@CHARACTER_SET_CLIENT */;
/*!40101 SET @OLD_CHARACTER_SET_RESULTS=@@CHARACTER_SET_RESULTS */;
/*!40101 SET @OLD_COLLATION_CONNECTION=@@COLLATION_CONNECTION */;
/*!40101 SET NAMES utf8mb4 */;

--
-- Database: `misrtravel`
--

-- --------------------------------------------------------

--
-- Table structure for table `agencies`
--

CREATE TABLE `agencies` (
  `Id` int(11) NOT NULL,
  `Name` varchar(50) NOT NULL,
  `Mobile` varchar(20) NOT NULL,
  `Country` varchar(20) NOT NULL,
  `Address` varchar(50) NOT NULL
) ENGINE=InnoDB DEFAULT CHARSET=latin1;

--
-- Dumping data for table `agencies`
--

INSERT INTO `agencies` (`Id`, `Name`, `Mobile`, `Country`, `Address`) VALUES
(9, 'agency', '0123456789', 'egypt', '16632');

-- --------------------------------------------------------

--
-- Table structure for table `app_countries`
--

CREATE TABLE `app_countries` (
  `id` int(11) NOT NULL,
  `country_code` varchar(2) NOT NULL,
  `country_name` varchar(100) NOT NULL
) ENGINE=InnoDB DEFAULT CHARSET=latin1;

--
-- Dumping data for table `app_countries`
--

INSERT INTO `app_countries` (`id`, `country_code`, `country_name`) VALUES
(1, 'AF', 'Afghanistan'),
(2, 'AL', 'Albania'),
(3, 'DZ', 'Algeria'),
(4, 'DS', 'American Samoa'),
(5, 'AD', 'Andorra'),
(6, 'AO', 'Angola'),
(7, 'AI', 'Anguilla'),
(8, 'AQ', 'Antarctica'),
(9, 'AG', 'Antigua and Barbuda'),
(10, 'AR', 'Argentina'),
(11, 'AM', 'Armenia'),
(12, 'AW', 'Aruba'),
(13, 'AU', 'Australia'),
(14, 'AT', 'Austria'),
(15, 'AZ', 'Azerbaijan'),
(16, 'BS', 'Bahamas'),
(17, 'BH', 'Bahrain'),
(18, 'BD', 'Bangladesh'),
(19, 'BB', 'Barbados'),
(20, 'BY', 'Belarus'),
(21, 'BE', 'Belgium'),
(22, 'BZ', 'Belize'),
(23, 'BJ', 'Benin'),
(24, 'BM', 'Bermuda'),
(25, 'BT', 'Bhutan'),
(26, 'BO', 'Bolivia'),
(27, 'BA', 'Bosnia and Herzegovina'),
(28, 'BW', 'Botswana'),
(29, 'BV', 'Bouvet Island'),
(30, 'BR', 'Brazil'),
(31, 'IO', 'British Indian Ocean Territory'),
(32, 'BN', 'Brunei Darussalam'),
(33, 'BG', 'Bulgaria'),
(34, 'BF', 'Burkina Faso'),
(35, 'BI', 'Burundi'),
(36, 'KH', 'Cambodia'),
(37, 'CM', 'Cameroon'),
(38, 'CA', 'Canada'),
(39, 'CV', 'Cape Verde'),
(40, 'KY', 'Cayman Islands'),
(41, 'CF', 'Central African Republic'),
(42, 'TD', 'Chad'),
(43, 'CL', 'Chile'),
(44, 'CN', 'China'),
(45, 'CX', 'Christmas Island'),
(46, 'CC', 'Cocos (Keeling) Islands'),
(47, 'CO', 'Colombia'),
(48, 'KM', 'Comoros'),
(49, 'CD', 'Democratic Republic of the Congo'),
(50, 'CG', 'Republic of the Congo'),
(51, 'CK', 'Cook Islands'),
(52, 'CR', 'Costa Rica'),
(53, 'HR', 'Croatia (Hrvatska)'),
(54, 'CU', 'Cuba'),
(55, 'CY', 'Cyprus'),
(56, 'CZ', 'Czech Republic'),
(57, 'DK', 'Denmark'),
(58, 'DJ', 'Djibouti'),
(59, 'DM', 'Dominica'),
(60, 'DO', 'Dominican Republic'),
(61, 'TP', 'East Timor'),
(62, 'EC', 'Ecuador'),
(63, 'EG', 'Egypt'),
(64, 'SV', 'El Salvador'),
(65, 'GQ', 'Equatorial Guinea'),
(66, 'ER', 'Eritrea'),
(67, 'EE', 'Estonia'),
(68, 'ET', 'Ethiopia'),
(69, 'FK', 'Falkland Islands (Malvinas)'),
(70, 'FO', 'Faroe Islands'),
(71, 'FJ', 'Fiji'),
(72, 'FI', 'Finland'),
(73, 'FR', 'France'),
(74, 'FX', 'France, Metropolitan'),
(75, 'GF', 'French Guiana'),
(76, 'PF', 'French Polynesia'),
(77, 'TF', 'French Southern Territories'),
(78, 'GA', 'Gabon'),
(79, 'GM', 'Gambia'),
(80, 'GE', 'Georgia'),
(81, 'DE', 'Germany'),
(82, 'GH', 'Ghana'),
(83, 'GI', 'Gibraltar'),
(84, 'GK', 'Guernsey'),
(85, 'GR', 'Greece'),
(86, 'GL', 'Greenland'),
(87, 'GD', 'Grenada'),
(88, 'GP', 'Guadeloupe'),
(89, 'GU', 'Guam'),
(90, 'GT', 'Guatemala'),
(91, 'GN', 'Guinea'),
(92, 'GW', 'Guinea-Bissau'),
(93, 'GY', 'Guyana'),
(94, 'HT', 'Haiti'),
(95, 'HM', 'Heard and Mc Donald Islands'),
(96, 'HN', 'Honduras'),
(97, 'HK', 'Hong Kong'),
(98, 'HU', 'Hungary'),
(99, 'IS', 'Iceland'),
(100, 'IN', 'India'),
(101, 'IM', 'Isle of Man'),
(102, 'ID', 'Indonesia'),
(103, 'IR', 'Iran (Islamic Republic of)'),
(104, 'IQ', 'Iraq'),
(105, 'IE', 'Ireland'),
(106, 'IL', 'Israel'),
(107, 'IT', 'Italy'),
(108, 'CI', 'Ivory Coast'),
(109, 'JE', 'Jersey'),
(110, 'JM', 'Jamaica'),
(111, 'JP', 'Japan'),
(112, 'JO', 'Jordan'),
(113, 'KZ', 'Kazakhstan'),
(114, 'KE', 'Kenya'),
(115, 'KI', 'Kiribati'),
(116, 'KP', 'Korea, Democratic People\'s Republic of'),
(117, 'KR', 'Korea, Republic of'),
(118, 'XK', 'Kosovo'),
(119, 'KW', 'Kuwait'),
(120, 'KG', 'Kyrgyzstan'),
(121, 'LA', 'Lao People\'s Democratic Republic'),
(122, 'LV', 'Latvia'),
(123, 'LB', 'Lebanon'),
(124, 'LS', 'Lesotho'),
(125, 'LR', 'Liberia'),
(126, 'LY', 'Libyan Arab Jamahiriya'),
(127, 'LI', 'Liechtenstein'),
(128, 'LT', 'Lithuania'),
(129, 'LU', 'Luxembourg'),
(130, 'MO', 'Macau'),
(131, 'MK', 'North Macedonia'),
(132, 'MG', 'Madagascar'),
(133, 'MW', 'Malawi'),
(134, 'MY', 'Malaysia'),
(135, 'MV', 'Maldives'),
(136, 'ML', 'Mali'),
(137, 'MT', 'Malta'),
(138, 'MH', 'Marshall Islands'),
(139, 'MQ', 'Martinique'),
(140, 'MR', 'Mauritania'),
(141, 'MU', 'Mauritius'),
(142, 'TY', 'Mayotte'),
(143, 'MX', 'Mexico'),
(144, 'FM', 'Micronesia, Federated States of'),
(145, 'MD', 'Moldova, Republic of'),
(146, 'MC', 'Monaco'),
(147, 'MN', 'Mongolia'),
(148, 'ME', 'Montenegro'),
(149, 'MS', 'Montserrat'),
(150, 'MA', 'Morocco'),
(151, 'MZ', 'Mozambique'),
(152, 'MM', 'Myanmar'),
(153, 'NA', 'Namibia'),
(154, 'NR', 'Nauru'),
(155, 'NP', 'Nepal'),
(156, 'NL', 'Netherlands'),
(157, 'AN', 'Netherlands Antilles'),
(158, 'NC', 'New Caledonia'),
(159, 'NZ', 'New Zealand'),
(160, 'NI', 'Nicaragua'),
(161, 'NE', 'Niger'),
(162, 'NG', 'Nigeria'),
(163, 'NU', 'Niue'),
(164, 'NF', 'Norfolk Island'),
(165, 'MP', 'Northern Mariana Islands'),
(166, 'NO', 'Norway'),
(167, 'OM', 'Oman'),
(168, 'PK', 'Pakistan'),
(169, 'PW', 'Palau'),
(170, 'PS', 'Palestine'),
(171, 'PA', 'Panama'),
(172, 'PG', 'Papua New Guinea'),
(173, 'PY', 'Paraguay'),
(174, 'PE', 'Peru'),
(175, 'PH', 'Philippines'),
(176, 'PN', 'Pitcairn'),
(177, 'PL', 'Poland'),
(178, 'PT', 'Portugal'),
(179, 'PR', 'Puerto Rico'),
(180, 'QA', 'Qatar'),
(181, 'RE', 'Reunion'),
(182, 'RO', 'Romania'),
(183, 'RU', 'Russian Federation'),
(184, 'RW', 'Rwanda'),
(185, 'KN', 'Saint Kitts and Nevis'),
(186, 'LC', 'Saint Lucia'),
(187, 'VC', 'Saint Vincent and the Grenadines'),
(188, 'WS', 'Samoa'),
(189, 'SM', 'San Marino'),
(190, 'ST', 'Sao Tome and Principe'),
(191, 'SA', 'Saudi Arabia'),
(192, 'SN', 'Senegal'),
(193, 'RS', 'Serbia'),
(194, 'SC', 'Seychelles'),
(195, 'SL', 'Sierra Leone'),
(196, 'SG', 'Singapore'),
(197, 'SK', 'Slovakia'),
(198, 'SI', 'Slovenia'),
(199, 'SB', 'Solomon Islands'),
(200, 'SO', 'Somalia'),
(201, 'ZA', 'South Africa'),
(202, 'GS', 'South Georgia South Sandwich Islands'),
(203, 'SS', 'South Sudan'),
(204, 'ES', 'Spain'),
(205, 'LK', 'Sri Lanka'),
(206, 'SH', 'St. Helena'),
(207, 'PM', 'St. Pierre and Miquelon'),
(208, 'SD', 'Sudan'),
(209, 'SR', 'Suriname'),
(210, 'SJ', 'Svalbard and Jan Mayen Islands'),
(211, 'SZ', 'Swaziland'),
(212, 'SE', 'Sweden'),
(213, 'CH', 'Switzerland'),
(214, 'SY', 'Syrian Arab Republic'),
(215, 'TW', 'Taiwan'),
(216, 'TJ', 'Tajikistan'),
(217, 'TZ', 'Tanzania, United Republic of'),
(218, 'TH', 'Thailand'),
(219, 'TG', 'Togo'),
(220, 'TK', 'Tokelau'),
(221, 'TO', 'Tonga'),
(222, 'TT', 'Trinidad and Tobago'),
(223, 'TN', 'Tunisia'),
(224, 'TR', 'Turkey'),
(225, 'TM', 'Turkmenistan'),
(226, 'TC', 'Turks and Caicos Islands'),
(227, 'TV', 'Tuvalu'),
(228, 'UG', 'Uganda'),
(229, 'UA', 'Ukraine'),
(230, 'AE', 'United Arab Emirates'),
(231, 'GB', 'United Kingdom'),
(232, 'US', 'United States'),
(233, 'UM', 'United States minor outlying islands'),
(234, 'UY', 'Uruguay'),
(235, 'UZ', 'Uzbekistan'),
(236, 'VU', 'Vanuatu'),
(237, 'VA', 'Vatican City State'),
(238, 'VE', 'Venezuela'),
(239, 'VN', 'Vietnam'),
(240, 'VG', 'Virgin Islands (British)'),
(241, 'VI', 'Virgin Islands (U.S.)'),
(242, 'WF', 'Wallis and Futuna Islands'),
(243, 'EH', 'Western Sahara'),
(244, 'YE', 'Yemen'),
(245, 'ZM', 'Zambia'),
(246, 'ZW', 'Zimbabwe');

-- --------------------------------------------------------

--
-- Table structure for table `credentials`
--

CREATE TABLE `credentials` (
  `Email` varchar(50) NOT NULL,
  `Password` varchar(50) NOT NULL,
  `UserID` int(11) NOT NULL,
  `Type` varchar(2) NOT NULL
) ENGINE=InnoDB DEFAULT CHARSET=latin1;

--
-- Dumping data for table `credentials`
--

INSERT INTO `credentials` (`Email`, `Password`, `UserID`, `Type`) VALUES
('admin@gmail.com', '40bd001563085fc35165329ea1ff5c5ecbdbbeef', 1, 'AD'),
('agency@gmail.com', '40bd001563085fc35165329ea1ff5c5ecbdbbeef', 9, 'A'),
('mahmoud@gmail.com', '40bd001563085fc35165329ea1ff5c5ecbdbbeef', 1, 'T'),
('staff@gmail.com', '40bd001563085fc35165329ea1ff5c5ecbdbbeef', 9, 'S'),
('tourist4@gmail.com', '40bd001563085fc35165329ea1ff5c5ecbdbbeef', 4, 'T'),
('tourist@gmail.com', '40bd001563085fc35165329ea1ff5c5ecbdbbeef', 3, 'T');

-- --------------------------------------------------------

--
-- Table structure for table `departments`
--

CREATE TABLE `departments` (
  `ID` int(11) NOT NULL,
  `Name` varchar(20) NOT NULL
) ENGINE=InnoDB DEFAULT CHARSET=latin1;

--
-- Dumping data for table `departments`
--

INSERT INTO `departments` (`ID`, `Name`) VALUES
(12, 'Europe'),
(16, 'MENA');

-- --------------------------------------------------------

--
-- Table structure for table `hotels`
--

CREATE TABLE `hotels` (
  `ID` int(11) NOT NULL,
  `City` varchar(20) NOT NULL,
  `Location` varchar(20) NOT NULL,
  `Rating` varchar(5) NOT NULL
) ENGINE=InnoDB DEFAULT CHARSET=latin1;

--
-- Dumping data for table `hotels`
--

INSERT INTO `hotels` (`ID`, `City`, `Location`, `Rating`) VALUES
(1, 'cairo', 'nile', '5'),
(4, 'Nasr city', 'Cairo', '4');

-- --------------------------------------------------------

--
-- Table structure for table `packages`
--

CREATE TABLE `packages` (
  `ID` int(11) NOT NULL,
  `Name` varchar(25) NOT NULL,
  `Checkin` date NOT NULL,
  `Checkout` date NOT NULL,
  `Hotel_ID` int(11) NOT NULL,
  `Price` int(11) NOT NULL,
  `Program` text NOT NULL
) ENGINE=InnoDB DEFAULT CHARSET=latin1;

--
-- Dumping data for table `packages`
--

INSERT INTO `packages` (`ID`, `Name`, `Checkin`, `Checkout`, `Hotel_ID`, `Price`, `Program`) VALUES
(1, 'alex trip', '2020-05-12', '2020-05-21', 1, 10000, ''),
(7, 'Cairo trip', '2020-05-20', '2020-05-28', 1, 200, '3 days'),
(23, 'Pack3', '2020-06-18', '2020-06-30', 4, 1300, 'test');

-- --------------------------------------------------------

--
-- Table structure for table `pma__bookmark`
--

CREATE TABLE `pma__bookmark` (
  `id` int(10) UNSIGNED NOT NULL,
  `dbase` varchar(255) COLLATE utf8_bin NOT NULL DEFAULT '',
  `user` varchar(255) COLLATE utf8_bin NOT NULL DEFAULT '',
  `label` varchar(255) CHARACTER SET utf8 NOT NULL DEFAULT '',
  `query` text COLLATE utf8_bin NOT NULL
) ENGINE=InnoDB DEFAULT CHARSET=utf8 COLLATE=utf8_bin COMMENT='Bookmarks';

-- --------------------------------------------------------

--
-- Table structure for table `pma__central_columns`
--

CREATE TABLE `pma__central_columns` (
  `db_name` varchar(64) COLLATE utf8_bin NOT NULL,
  `col_name` varchar(64) COLLATE utf8_bin NOT NULL,
  `col_type` varchar(64) COLLATE utf8_bin NOT NULL,
  `col_length` text COLLATE utf8_bin DEFAULT NULL,
  `col_collation` varchar(64) COLLATE utf8_bin NOT NULL,
  `col_isNull` tinyint(1) NOT NULL,
  `col_extra` varchar(255) COLLATE utf8_bin DEFAULT '',
  `col_default` text COLLATE utf8_bin DEFAULT NULL
) ENGINE=InnoDB DEFAULT CHARSET=utf8 COLLATE=utf8_bin COMMENT='Central list of columns';

-- --------------------------------------------------------

--
-- Table structure for table `pma__column_info`
--

CREATE TABLE `pma__column_info` (
  `id` int(5) UNSIGNED NOT NULL,
  `db_name` varchar(64) COLLATE utf8_bin NOT NULL DEFAULT '',
  `table_name` varchar(64) COLLATE utf8_bin NOT NULL DEFAULT '',
  `column_name` varchar(64) COLLATE utf8_bin NOT NULL DEFAULT '',
  `comment` varchar(255) CHARACTER SET utf8 NOT NULL DEFAULT '',
  `mimetype` varchar(255) CHARACTER SET utf8 NOT NULL DEFAULT '',
  `transformation` varchar(255) COLLATE utf8_bin NOT NULL DEFAULT '',
  `transformation_options` varchar(255) COLLATE utf8_bin NOT NULL DEFAULT '',
  `input_transformation` varchar(255) COLLATE utf8_bin NOT NULL DEFAULT '',
  `input_transformation_options` varchar(255) COLLATE utf8_bin NOT NULL DEFAULT ''
) ENGINE=InnoDB DEFAULT CHARSET=utf8 COLLATE=utf8_bin COMMENT='Column information for phpMyAdmin';

-- --------------------------------------------------------

--
-- Table structure for table `pma__designer_settings`
--

CREATE TABLE `pma__designer_settings` (
  `username` varchar(64) COLLATE utf8_bin NOT NULL,
  `settings_data` text COLLATE utf8_bin NOT NULL
) ENGINE=InnoDB DEFAULT CHARSET=utf8 COLLATE=utf8_bin COMMENT='Settings related to Designer';

-- --------------------------------------------------------

--
-- Table structure for table `pma__export_templates`
--

CREATE TABLE `pma__export_templates` (
  `id` int(5) UNSIGNED NOT NULL,
  `username` varchar(64) COLLATE utf8_bin NOT NULL,
  `export_type` varchar(10) COLLATE utf8_bin NOT NULL,
  `template_name` varchar(64) COLLATE utf8_bin NOT NULL,
  `template_data` text COLLATE utf8_bin NOT NULL
) ENGINE=InnoDB DEFAULT CHARSET=utf8 COLLATE=utf8_bin COMMENT='Saved export templates';

-- --------------------------------------------------------

--
-- Table structure for table `pma__favorite`
--

CREATE TABLE `pma__favorite` (
  `username` varchar(64) COLLATE utf8_bin NOT NULL,
  `tables` text COLLATE utf8_bin NOT NULL
) ENGINE=InnoDB DEFAULT CHARSET=utf8 COLLATE=utf8_bin COMMENT='Favorite tables';

-- --------------------------------------------------------

--
-- Table structure for table `pma__history`
--

CREATE TABLE `pma__history` (
  `id` bigint(20) UNSIGNED NOT NULL,
  `username` varchar(64) COLLATE utf8_bin NOT NULL DEFAULT '',
  `db` varchar(64) COLLATE utf8_bin NOT NULL DEFAULT '',
  `table` varchar(64) COLLATE utf8_bin NOT NULL DEFAULT '',
  `timevalue` timestamp NOT NULL DEFAULT current_timestamp(),
  `sqlquery` text COLLATE utf8_bin NOT NULL
) ENGINE=InnoDB DEFAULT CHARSET=utf8 COLLATE=utf8_bin COMMENT='SQL history for phpMyAdmin';

-- --------------------------------------------------------

--
-- Table structure for table `pma__navigationhiding`
--

CREATE TABLE `pma__navigationhiding` (
  `username` varchar(64) COLLATE utf8_bin NOT NULL,
  `item_name` varchar(64) COLLATE utf8_bin NOT NULL,
  `item_type` varchar(64) COLLATE utf8_bin NOT NULL,
  `db_name` varchar(64) COLLATE utf8_bin NOT NULL,
  `table_name` varchar(64) COLLATE utf8_bin NOT NULL
) ENGINE=InnoDB DEFAULT CHARSET=utf8 COLLATE=utf8_bin COMMENT='Hidden items of navigation tree';

-- --------------------------------------------------------

--
-- Table structure for table `pma__pdf_pages`
--

CREATE TABLE `pma__pdf_pages` (
  `db_name` varchar(64) COLLATE utf8_bin NOT NULL DEFAULT '',
  `page_nr` int(10) UNSIGNED NOT NULL,
  `page_descr` varchar(50) CHARACTER SET utf8 NOT NULL DEFAULT ''
) ENGINE=InnoDB DEFAULT CHARSET=utf8 COLLATE=utf8_bin COMMENT='PDF relation pages for phpMyAdmin';

-- --------------------------------------------------------

--
-- Table structure for table `pma__recent`
--

CREATE TABLE `pma__recent` (
  `username` varchar(64) COLLATE utf8_bin NOT NULL,
  `tables` text COLLATE utf8_bin NOT NULL
) ENGINE=InnoDB DEFAULT CHARSET=utf8 COLLATE=utf8_bin COMMENT='Recently accessed tables';

-- --------------------------------------------------------

--
-- Table structure for table `pma__relation`
--

CREATE TABLE `pma__relation` (
  `master_db` varchar(64) COLLATE utf8_bin NOT NULL DEFAULT '',
  `master_table` varchar(64) COLLATE utf8_bin NOT NULL DEFAULT '',
  `master_field` varchar(64) COLLATE utf8_bin NOT NULL DEFAULT '',
  `foreign_db` varchar(64) COLLATE utf8_bin NOT NULL DEFAULT '',
  `foreign_table` varchar(64) COLLATE utf8_bin NOT NULL DEFAULT '',
  `foreign_field` varchar(64) COLLATE utf8_bin NOT NULL DEFAULT ''
) ENGINE=InnoDB DEFAULT CHARSET=utf8 COLLATE=utf8_bin COMMENT='Relation table';

-- --------------------------------------------------------

--
-- Table structure for table `pma__savedsearches`
--

CREATE TABLE `pma__savedsearches` (
  `id` int(5) UNSIGNED NOT NULL,
  `username` varchar(64) COLLATE utf8_bin NOT NULL DEFAULT '',
  `db_name` varchar(64) COLLATE utf8_bin NOT NULL DEFAULT '',
  `search_name` varchar(64) COLLATE utf8_bin NOT NULL DEFAULT '',
  `search_data` text COLLATE utf8_bin NOT NULL
) ENGINE=InnoDB DEFAULT CHARSET=utf8 COLLATE=utf8_bin COMMENT='Saved searches';

-- --------------------------------------------------------

--
-- Table structure for table `pma__table_coords`
--

CREATE TABLE `pma__table_coords` (
  `db_name` varchar(64) COLLATE utf8_bin NOT NULL DEFAULT '',
  `table_name` varchar(64) COLLATE utf8_bin NOT NULL DEFAULT '',
  `pdf_page_number` int(11) NOT NULL DEFAULT 0,
  `x` float UNSIGNED NOT NULL DEFAULT 0,
  `y` float UNSIGNED NOT NULL DEFAULT 0
) ENGINE=InnoDB DEFAULT CHARSET=utf8 COLLATE=utf8_bin COMMENT='Table coordinates for phpMyAdmin PDF output';

-- --------------------------------------------------------

--
-- Table structure for table `pma__table_info`
--

CREATE TABLE `pma__table_info` (
  `db_name` varchar(64) COLLATE utf8_bin NOT NULL DEFAULT '',
  `table_name` varchar(64) COLLATE utf8_bin NOT NULL DEFAULT '',
  `display_field` varchar(64) COLLATE utf8_bin NOT NULL DEFAULT ''
) ENGINE=InnoDB DEFAULT CHARSET=utf8 COLLATE=utf8_bin COMMENT='Table information for phpMyAdmin';

-- --------------------------------------------------------

--
-- Table structure for table `pma__table_uiprefs`
--

CREATE TABLE `pma__table_uiprefs` (
  `username` varchar(64) COLLATE utf8_bin NOT NULL,
  `db_name` varchar(64) COLLATE utf8_bin NOT NULL,
  `table_name` varchar(64) COLLATE utf8_bin NOT NULL,
  `prefs` text COLLATE utf8_bin NOT NULL,
  `last_update` timestamp NOT NULL DEFAULT current_timestamp() ON UPDATE current_timestamp()
) ENGINE=InnoDB DEFAULT CHARSET=utf8 COLLATE=utf8_bin COMMENT='Tables'' UI preferences';

-- --------------------------------------------------------

--
-- Table structure for table `pma__tracking`
--

CREATE TABLE `pma__tracking` (
  `db_name` varchar(64) COLLATE utf8_bin NOT NULL,
  `table_name` varchar(64) COLLATE utf8_bin NOT NULL,
  `version` int(10) UNSIGNED NOT NULL,
  `date_created` datetime NOT NULL,
  `date_updated` datetime NOT NULL,
  `schema_snapshot` text COLLATE utf8_bin NOT NULL,
  `schema_sql` text COLLATE utf8_bin DEFAULT NULL,
  `data_sql` longtext COLLATE utf8_bin DEFAULT NULL,
  `tracking` set('UPDATE','REPLACE','INSERT','DELETE','TRUNCATE','CREATE DATABASE','ALTER DATABASE','DROP DATABASE','CREATE TABLE','ALTER TABLE','RENAME TABLE','DROP TABLE','CREATE INDEX','DROP INDEX','CREATE VIEW','ALTER VIEW','DROP VIEW') COLLATE utf8_bin DEFAULT NULL,
  `tracking_active` int(1) UNSIGNED NOT NULL DEFAULT 1
) ENGINE=InnoDB DEFAULT CHARSET=utf8 COLLATE=utf8_bin COMMENT='Database changes tracking for phpMyAdmin';

-- --------------------------------------------------------

--
-- Table structure for table `pma__userconfig`
--

CREATE TABLE `pma__userconfig` (
  `username` varchar(64) COLLATE utf8_bin NOT NULL,
  `timevalue` timestamp NOT NULL DEFAULT current_timestamp() ON UPDATE current_timestamp(),
  `config_data` text COLLATE utf8_bin NOT NULL
) ENGINE=InnoDB DEFAULT CHARSET=utf8 COLLATE=utf8_bin COMMENT='User preferences storage for phpMyAdmin';

-- --------------------------------------------------------

--
-- Table structure for table `pma__usergroups`
--

CREATE TABLE `pma__usergroups` (
  `usergroup` varchar(64) COLLATE utf8_bin NOT NULL,
  `tab` varchar(64) COLLATE utf8_bin NOT NULL,
  `allowed` enum('Y','N') COLLATE utf8_bin NOT NULL DEFAULT 'N'
) ENGINE=InnoDB DEFAULT CHARSET=utf8 COLLATE=utf8_bin COMMENT='User groups with configured menu items';

-- --------------------------------------------------------

--
-- Table structure for table `pma__users`
--

CREATE TABLE `pma__users` (
  `username` varchar(64) COLLATE utf8_bin NOT NULL,
  `usergroup` varchar(64) COLLATE utf8_bin NOT NULL
) ENGINE=InnoDB DEFAULT CHARSET=utf8 COLLATE=utf8_bin COMMENT='Users and their assignments to user groups';

-- --------------------------------------------------------

--
-- Table structure for table `requests`
--

CREATE TABLE `requests` (
  `ID` int(11) NOT NULL,
  `AgencyID` int(11) NOT NULL,
  `Name` varchar(25) NOT NULL,
  `Checkin` date NOT NULL,
  `Checkout` date NOT NULL,
  `Hotel_ID` int(11) NOT NULL,
  `Price` int(11) NOT NULL,
  `Program` text NOT NULL,
  `Tourists` int(11) NOT NULL,
  `Status` varchar(30) NOT NULL
) ENGINE=InnoDB DEFAULT CHARSET=latin1;

--
-- Dumping data for table `requests`
--

INSERT INTO `requests` (`ID`, `AgencyID`, `Name`, `Checkin`, `Checkout`, `Hotel_ID`, `Price`, `Program`, `Tourists`, `Status`) VALUES
(1, 9, 'cairo2', '2020-06-17', '2020-06-24', 1, 35, 'mmmmmm', 20, 'Done'),
(2, 9, 'ccc', '2020-06-07', '2020-06-15', 1, 33, 'bb', 22, 'Done'),
(3, 9, 'nada', '2020-06-12', '2020-06-18', 1, 22, 'nn', 33, 'Done'),
(16, 9, 'test', '2020-06-11', '2020-06-17', 4, 10, '6 Days', 44, 'Done'),
(17, 9, 'Pack4', '2020-06-26', '2020-06-30', 4, 0, '4 days', 40, 'Pending confirmation');

-- --------------------------------------------------------

--
-- Table structure for table `reservations`
--

CREATE TABLE `reservations` (
  `ID` int(11) NOT NULL,
  `Package_ID` int(11) NOT NULL,
  `Tourist_ID` int(11) NOT NULL
) ENGINE=InnoDB DEFAULT CHARSET=latin1;

--
-- Dumping data for table `reservations`
--

INSERT INTO `reservations` (`ID`, `Package_ID`, `Tourist_ID`) VALUES
(2, 1, 1),
(14, 7, 3),
(15, 23, 3);

-- --------------------------------------------------------

--
-- Table structure for table `staff`
--

CREATE TABLE `staff` (
  `Id` int(11) NOT NULL,
  `Name` varchar(50) NOT NULL,
  `Mobile` varchar(20) NOT NULL,
  `DepartmentId` int(11) NOT NULL
) ENGINE=InnoDB DEFAULT CHARSET=latin1;

--
-- Dumping data for table `staff`
--

INSERT INTO `staff` (`Id`, `Name`, `Mobile`, `DepartmentId`) VALUES
(9, 'staff', '0123456789', 12);

-- --------------------------------------------------------

--
-- Table structure for table `tourists`
--

CREATE TABLE `tourists` (
  `Id` int(11) NOT NULL,
  `Name` varchar(50) NOT NULL,
  `Mobile` varchar(20) NOT NULL,
  `Nationality` varchar(20) NOT NULL,
  `PassportNumber` varchar(20) NOT NULL
) ENGINE=InnoDB DEFAULT CHARSET=latin1;

--
-- Dumping data for table `tourists`
--

INSERT INTO `tourists` (`Id`, `Name`, `Mobile`, `Nationality`, `PassportNumber`) VALUES
(1, 'mahmoud', '01234', 'egypt', '6894613'),
(3, 'tourist2', '12345678989', 'France', '1958+'),
(4, 'tourist1', '0123456789', 'egypt', '0158');

--
-- Indexes for dumped tables
--

--
-- Indexes for table `agencies`
--
ALTER TABLE `agencies`
  ADD PRIMARY KEY (`Id`);

--
-- Indexes for table `app_countries`
--
ALTER TABLE `app_countries`
  ADD PRIMARY KEY (`id`);

--
-- Indexes for table `credentials`
--
ALTER TABLE `credentials`
  ADD PRIMARY KEY (`Email`),
  ADD KEY `UserID` (`UserID`);

--
-- Indexes for table `departments`
--
ALTER TABLE `departments`
  ADD PRIMARY KEY (`ID`);

--
-- Indexes for table `hotels`
--
ALTER TABLE `hotels`
  ADD PRIMARY KEY (`ID`);

--
-- Indexes for table `packages`
--
ALTER TABLE `packages`
  ADD PRIMARY KEY (`ID`),
  ADD KEY `Hotel_ID` (`Hotel_ID`);

--
-- Indexes for table `pma__bookmark`
--
ALTER TABLE `pma__bookmark`
  ADD PRIMARY KEY (`id`);

--
-- Indexes for table `pma__central_columns`
--
ALTER TABLE `pma__central_columns`
  ADD PRIMARY KEY (`db_name`,`col_name`);

--
-- Indexes for table `pma__column_info`
--
ALTER TABLE `pma__column_info`
  ADD PRIMARY KEY (`id`),
  ADD UNIQUE KEY `db_name` (`db_name`,`table_name`,`column_name`);

--
-- Indexes for table `pma__designer_settings`
--
ALTER TABLE `pma__designer_settings`
  ADD PRIMARY KEY (`username`);

--
-- Indexes for table `pma__export_templates`
--
ALTER TABLE `pma__export_templates`
  ADD PRIMARY KEY (`id`),
  ADD UNIQUE KEY `u_user_type_template` (`username`,`export_type`,`template_name`);

--
-- Indexes for table `pma__favorite`
--
ALTER TABLE `pma__favorite`
  ADD PRIMARY KEY (`username`);

--
-- Indexes for table `pma__history`
--
ALTER TABLE `pma__history`
  ADD PRIMARY KEY (`id`),
  ADD KEY `username` (`username`,`db`,`table`,`timevalue`);

--
-- Indexes for table `pma__navigationhiding`
--
ALTER TABLE `pma__navigationhiding`
  ADD PRIMARY KEY (`username`,`item_name`,`item_type`,`db_name`,`table_name`);

--
-- Indexes for table `pma__pdf_pages`
--
ALTER TABLE `pma__pdf_pages`
  ADD PRIMARY KEY (`page_nr`),
  ADD KEY `db_name` (`db_name`);

--
-- Indexes for table `pma__recent`
--
ALTER TABLE `pma__recent`
  ADD PRIMARY KEY (`username`);

--
-- Indexes for table `pma__relation`
--
ALTER TABLE `pma__relation`
  ADD PRIMARY KEY (`master_db`,`master_table`,`master_field`),
  ADD KEY `foreign_field` (`foreign_db`,`foreign_table`);

--
-- Indexes for table `pma__savedsearches`
--
ALTER TABLE `pma__savedsearches`
  ADD PRIMARY KEY (`id`),
  ADD UNIQUE KEY `u_savedsearches_username_dbname` (`username`,`db_name`,`search_name`);

--
-- Indexes for table `pma__table_coords`
--
ALTER TABLE `pma__table_coords`
  ADD PRIMARY KEY (`db_name`,`table_name`,`pdf_page_number`);

--
-- Indexes for table `pma__table_info`
--
ALTER TABLE `pma__table_info`
  ADD PRIMARY KEY (`db_name`,`table_name`);

--
-- Indexes for table `pma__table_uiprefs`
--
ALTER TABLE `pma__table_uiprefs`
  ADD PRIMARY KEY (`username`,`db_name`,`table_name`);

--
-- Indexes for table `pma__tracking`
--
ALTER TABLE `pma__tracking`
  ADD PRIMARY KEY (`db_name`,`table_name`,`version`);

--
-- Indexes for table `pma__userconfig`
--
ALTER TABLE `pma__userconfig`
  ADD PRIMARY KEY (`username`);

--
-- Indexes for table `pma__usergroups`
--
ALTER TABLE `pma__usergroups`
  ADD PRIMARY KEY (`usergroup`,`tab`,`allowed`);

--
-- Indexes for table `pma__users`
--
ALTER TABLE `pma__users`
  ADD PRIMARY KEY (`username`,`usergroup`);

--
-- Indexes for table `requests`
--
ALTER TABLE `requests`
  ADD PRIMARY KEY (`ID`),
  ADD KEY `AgencyID` (`AgencyID`),
  ADD KEY `Hotel_ID` (`Hotel_ID`);

--
-- Indexes for table `reservations`
--
ALTER TABLE `reservations`
  ADD PRIMARY KEY (`ID`),
  ADD KEY `Package_ID` (`Package_ID`),
  ADD KEY `Tourist_ID` (`Tourist_ID`);

--
-- Indexes for table `staff`
--
ALTER TABLE `staff`
  ADD PRIMARY KEY (`Id`),
  ADD KEY `DepartmentId` (`DepartmentId`);

--
-- Indexes for table `tourists`
--
ALTER TABLE `tourists`
  ADD PRIMARY KEY (`Id`);

--
-- AUTO_INCREMENT for dumped tables
--

--
-- AUTO_INCREMENT for table `agencies`
--
ALTER TABLE `agencies`
  MODIFY `Id` int(11) NOT NULL AUTO_INCREMENT, AUTO_INCREMENT=11;

--
-- AUTO_INCREMENT for table `app_countries`
--
ALTER TABLE `app_countries`
  MODIFY `id` int(11) NOT NULL AUTO_INCREMENT, AUTO_INCREMENT=247;

--
-- AUTO_INCREMENT for table `departments`
--
ALTER TABLE `departments`
  MODIFY `ID` int(11) NOT NULL AUTO_INCREMENT, AUTO_INCREMENT=17;

--
-- AUTO_INCREMENT for table `hotels`
--
ALTER TABLE `hotels`
  MODIFY `ID` int(11) NOT NULL AUTO_INCREMENT, AUTO_INCREMENT=6;

--
-- AUTO_INCREMENT for table `packages`
--
ALTER TABLE `packages`
  MODIFY `ID` int(11) NOT NULL AUTO_INCREMENT, AUTO_INCREMENT=24;

--
-- AUTO_INCREMENT for table `pma__bookmark`
--
ALTER TABLE `pma__bookmark`
  MODIFY `id` int(10) UNSIGNED NOT NULL AUTO_INCREMENT;

--
-- AUTO_INCREMENT for table `pma__column_info`
--
ALTER TABLE `pma__column_info`
  MODIFY `id` int(5) UNSIGNED NOT NULL AUTO_INCREMENT;

--
-- AUTO_INCREMENT for table `pma__export_templates`
--
ALTER TABLE `pma__export_templates`
  MODIFY `id` int(5) UNSIGNED NOT NULL AUTO_INCREMENT;

--
-- AUTO_INCREMENT for table `pma__history`
--
ALTER TABLE `pma__history`
  MODIFY `id` bigint(20) UNSIGNED NOT NULL AUTO_INCREMENT;

--
-- AUTO_INCREMENT for table `pma__pdf_pages`
--
ALTER TABLE `pma__pdf_pages`
  MODIFY `page_nr` int(10) UNSIGNED NOT NULL AUTO_INCREMENT;

--
-- AUTO_INCREMENT for table `pma__savedsearches`
--
ALTER TABLE `pma__savedsearches`
  MODIFY `id` int(5) UNSIGNED NOT NULL AUTO_INCREMENT;

--
-- AUTO_INCREMENT for table `requests`
--
ALTER TABLE `requests`
  MODIFY `ID` int(11) NOT NULL AUTO_INCREMENT, AUTO_INCREMENT=18;

--
-- AUTO_INCREMENT for table `reservations`
--
ALTER TABLE `reservations`
  MODIFY `ID` int(11) NOT NULL AUTO_INCREMENT, AUTO_INCREMENT=24;

--
-- AUTO_INCREMENT for table `staff`
--
ALTER TABLE `staff`
  MODIFY `Id` int(11) NOT NULL AUTO_INCREMENT, AUTO_INCREMENT=11;

--
-- AUTO_INCREMENT for table `tourists`
--
ALTER TABLE `tourists`
  MODIFY `Id` int(11) NOT NULL AUTO_INCREMENT, AUTO_INCREMENT=16;

--
-- Constraints for dumped tables
--

--
-- Constraints for table `packages`
--
ALTER TABLE `packages`
  ADD CONSTRAINT `packages_ibfk_1` FOREIGN KEY (`Hotel_ID`) REFERENCES `hotels` (`ID`);

--
-- Constraints for table `requests`
--
ALTER TABLE `requests`
  ADD CONSTRAINT `requests_ibfk_1` FOREIGN KEY (`AgencyID`) REFERENCES `agencies` (`Id`),
  ADD CONSTRAINT `requests_ibfk_2` FOREIGN KEY (`Hotel_ID`) REFERENCES `hotels` (`ID`);

--
-- Constraints for table `reservations`
--
ALTER TABLE `reservations`
  ADD CONSTRAINT `reservations_ibfk_1` FOREIGN KEY (`Package_ID`) REFERENCES `packages` (`ID`),
  ADD CONSTRAINT `reservations_ibfk_2` FOREIGN KEY (`Tourist_ID`) REFERENCES `tourists` (`Id`);

--
-- Constraints for table `staff`
--
ALTER TABLE `staff`
  ADD CONSTRAINT `staff_ibfk_1` FOREIGN KEY (`DepartmentId`) REFERENCES `departments` (`ID`);
COMMIT;

/*!40101 SET CHARACTER_SET_CLIENT=@OLD_CHARACTER_SET_CLIENT */;
/*!40101 SET CHARACTER_SET_RESULTS=@OLD_CHARACTER_SET_RESULTS */;
/*!40101 SET COLLATION_CONNECTION=@OLD_COLLATION_CONNECTION */;
